Title,Author,Work_Type,Priority,Status,Specificity,Category,Dimension,SWEBOK_or_Primary_KA,BOK_or_Framework_Anchor,Zachman_Focus,Bloom_Level,Cynefin_Domain,Abstraction_Level,Time_Horizon,Knowledge_Type,Activation_Style,Best_Representation,RAG_Suitability,Ontology_Suitability,Policy_or_LoRA_Suitability,Primary_Agent_Role,Failure_Modes_Addressed,Canonical_Concepts_or_Triggers,Why_It_Belongs,ISBN_13_or_Edition_Note,Acquisition_Note,Critique_Dimension
Computer Organization and Design,David Patterson; John Hennessy,Book,High,Keep,General,Computer Science,Computer Architecture,Computing Foundations,None / informal canon,How,Analyse / Evaluate / Create,Complicated,Substrate / Machine / Runtime,Medium-term / Delivery,Mechanistic / Factual,Deep retrieval on demand,RAG,High,Low,Low,Architecture Substrate Agent,coupling / poor boundaries; reasoning bias,Computer Architecture,"Processor, memory hierarchy, caches, interrupts, and architecture fundamentals.",9780128203316,ISBN best-effort; verify edition before acquisition,Computer Architecture / Computer Science
Introduction to Algorithms,Thomas Cormen; Charles Leiserson; Ronald Rivest; Clifford Stein,Book,High,Keep,General,Computer Science,Algorithms,Computing Foundations,None / informal canon,What; How,Understand / Analyse,Complicated,Substrate / Machine / Runtime,Cross-horizon,Mechanistic / Factual,Deep retrieval on demand,RAG,High,Low,Low,Algorithms Agent,general poor judgement / missing context,Algorithms,Canonical algorithms and data structures reference.,9780262046305,ISBN best-effort; verify edition before acquisition,Algorithms / Computer Science
Operating System Concepts,Abraham Silberschatz; Peter Baer Galvin; Greg Gagne,Book,High,Keep,General,Computer Science,Operating Systems,Computing Foundations,None / informal canon,How,Understand / Analyse,Complicated,Substrate / Machine / Runtime,Cross-horizon,Mechanistic / Factual,Deep retrieval on demand,RAG,High,Low,Low,OS Agent,general poor judgement / missing context,Operating Systems,Broad undergraduate OS reference.,9781119456339,ISBN best-effort; verify edition before acquisition,Operating Systems / Computer Science
Operating Systems: Design and Implementation,Andrew S. Tanenbaum; Albert S. Woodhull,Book,High,Keep,General,Computer Science,Operating Systems,Computing Foundations,None / informal canon,How,Understand / Analyse,Complicated,Substrate / Machine / Runtime,Immediate / Tactical,Mechanistic / Factual,Deep retrieval on demand,RAG,High,Low,Low,OS Agent,general poor judgement / missing context,Operating Systems,"Operating system concepts, scheduling, processes, memory, filesystems, and implementation.",9780131429383,ISBN best-effort; verify edition before acquisition,Operating Systems / Computer Science
Structure and Interpretation of Computer Programs,Harold Abelson; Gerald Jay Sussman,Book,High,Keep,General,Computer Science,Computation / Abstraction,Computing Foundations,None / informal canon,How,Analyse / Evaluate / Create,Complicated / Complex,Substrate / Machine / Runtime,Cross-horizon,Mechanistic / Factual; Heuristic / Policy,Deep retrieval on demand,Policy + RAG,High,Low,High,Abstraction Agent,general poor judgement / missing context,Computation / Abstraction,Foundational computational abstraction and language thinking.,9780262510875,ISBN best-effort; verify edition before acquisition,Computation / Abstraction / Computer Science
Computer Networking: A Top-Down Approach,James Kurose; Keith Ross,Book,High,Keep,General,Networking,Networking Fundamentals,Computing Foundations,None / informal canon,Where,Analyse / Evaluate / Create,Complicated,Substrate / Machine / Runtime,Medium-term / Delivery,Mechanistic / Factual; Cultural / Cognitive,Deep retrieval on demand,RAG,High,Low,Low,Networking Agent,latency / protocol misunderstanding; reasoning bias,Networking Fundamentals,"Core networking concepts, application protocols, TCP/IP, routing, and layers.",9780136681557,ISBN best-effort; verify edition before acquisition,Networking Fundamentals / Networking
"TCP/IP Illustrated, Volume 1",W. Richard Stevens,Book,High,Keep,Specialist but foundational,Networking,TCP/IP Internals,Computing Foundations,None / informal canon,Where,Understand / Analyse,Complicated,Substrate / Machine / Runtime,Medium-term / Delivery,Mechanistic / Factual,Deep retrieval on demand,RAG,High,Low,Low,Networking Agent,latency / protocol misunderstanding,TCP/IP Internals,Detailed TCP/IP behaviour and protocol internals.,9780321336316,ISBN best-effort; verify edition before acquisition,TCP/IP Internals / Networking
AI Engineering,Chip Huyen,Book,High,Add,General,AI / ML Systems,AI Engineering,Computing Foundations / AI,None / informal canon,How,Analyse / Evaluate / Create,Complicated / Complex,Cross-layer,Medium-term / Delivery,Mechanistic / Factual; Operational / Procedural; Heuristic / Policy,Workflow execution / checklist,RAG + Workflow + Policy,High,Medium,High,AI Engineering Agent,general poor judgement / missing context,AI Engineering,"Modern AI product and systems engineering; useful bridge between ML systems, evaluation, prompts, and production AI.",Verify current edition,Verify publication status/edition before acquisition,AI Engineering / Production AI
Artificial Intelligence: A Modern Approach,Stuart Russell; Peter Norvig,Book,High,Add,General,Artificial Intelligence,AI Fundamentals,Computing Foundations / AI,None / informal canon,When,Analyse / Evaluate / Create,Complicated / Complex,Human / Cultural,Cross-horizon,Mechanistic / Factual; Structural / Ontological; Cultural / Cognitive,Structural retrieval / coverage check,RAG + Ontology,High,High,Low,AI Reasoning Agent,reasoning bias,AI Fundamentals,"Canonical AI survey: search, planning, agents, knowledge representation, uncertainty.",9780134610993,ISBN best-effort; verify edition before acquisition,AI Fundamentals / Artificial Intelligence
Designing Machine Learning Systems,Chip Huyen,Book,High,Add,General,ML Systems,ML Engineering,Computing Foundations / AI,None / informal canon,What; Where,Apply / Analyse,Complicated / Complex,Cross-layer,Medium-term / Delivery,Mechanistic / Factual; Operational / Procedural,Workflow execution / checklist,RAG + Workflow,High,Low,Medium,ML Systems Agent,general poor judgement / missing context,ML Engineering,"Production ML systems, data, evaluation, deployment, and monitoring.",9781098107963,ISBN best-effort; verify edition before acquisition,ML Engineering / ML Systems
Designing Data-Intensive Applications,Martin Kleppmann,Book,High,Keep,General,Data Systems,Distributed Data,Computing Foundations / Data Management,None / informal canon,What; Where,Analyse / Evaluate / Create,Complicated,System / Platform,Cross-horizon,Mechanistic / Factual; Structural / Ontological,Structural retrieval / coverage check,RAG + Ontology,High,High,Low,Data Systems Agent,general poor judgement / missing context,replication; partitioning; consensus; streams; consistency models,"Essential modern treatment of storage, replication, consistency, streams, and distributed systems.",9781449373320,ISBN best-effort; verify edition before acquisition,Distributed Data / Data Systems
Database System Concepts,Abraham Silberschatz; Henry Korth; S. Sudarshan,Book,High,Add,General,Databases,Database Fundamentals,Computing Foundations / Data Management,None / informal canon,What,Analyse / Evaluate / Create,Complicated,System / Platform,Medium-term / Delivery,Mechanistic / Factual; Cultural / Cognitive,Deep retrieval on demand,RAG,High,Low,Low,Database Agent,data inconsistency / poor persistence design; reasoning bias,Database Fundamentals,Canonical database systems theory and practice.,9780078022159,ISBN best-effort; verify edition before acquisition,Database Fundamentals / Databases
Transaction Processing,Jim Gray; Andreas Reuter,Book,High,Add,Specialist but foundational,Databases,Transactions,Computing Foundations / Data Management,None / informal canon,What,Understand / Analyse,Complicated,System / Platform,Medium-term / Delivery,Mechanistic / Factual,Deep retrieval on demand,RAG,High,Low,Low,Transaction / Consistency Agent,data inconsistency / poor persistence design; consistency / recovery failure,Transactions,"Classic on transactions, recovery, concurrency control, and reliable data systems.",9781558601901,ISBN best-effort; verify edition before acquisition,Transactions / Databases
Joel on Software,Joel Spolsky,Book,High,Add,General,Engineering Culture,Software Judgement,Professional Practice,None / informal canon,How,Analyse / Evaluate / Create,Complicated / Complex,Human / Cultural,Medium-term / Delivery,Mechanistic / Factual; Heuristic / Policy; Cultural / Cognitive,Deep retrieval on demand,Policy + RAG,High,Low,High,Pragmatic Engineering Agent,general poor judgement / missing context,Software Judgement,"Practical software-economic judgement, developer productivity, product, hiring, and taste.",9781590593899,ISBN best-effort; verify edition before acquisition,Software Judgement / Engineering Culture
The Jargon File,Eric S. Raymond,Standard / Web Reference,High,Add,General,Engineering Culture,Hacker Lore,Professional Practice,None / informal canon,How,Analyse / Evaluate / Create,Complicated / Complex,Human / Cultural,Long-term / Strategic,Mechanistic / Factual; Heuristic / Policy; Cultural / Cognitive,Triggered heuristic / critique lens,Policy + RAG,High,Low,High,Engineering Culture Agent,cargo cult / folklore blindness,yak shaving; cargo cult; hacker folklore; rubber ducking,"Engineering folklore, anti-patterns, humour, and tacit hacker culture.",Online / varies,Must verify edition/ISBN before purchase,Hacker Lore / Engineering Culture
Thinking in Systems,Donella Meadows,Book,High,Keep,General,Systems Thinking,Systems / Feedback,Professional Practice,None / informal canon,How,Analyse / Evaluate / Create,Complicated / Complex,Cross-layer,Cross-horizon,Structural / Ontological; Heuristic / Policy,Structural retrieval / coverage check,Policy + Ontology,Medium,High,High,Systems Thinking Agent,general poor judgement / missing context,stocks; flows; feedback loops; leverage points,"Feedback loops, stocks, flows, leverage points, and unintended consequences.",9781603580557,ISBN best-effort; verify edition before acquisition,Systems / Feedback / Systems Thinking
The UNIX Programming Environment,Brian Kernighan; Rob Pike,Book,High,Keep,General,Unix Philosophy,Tooling / Composability,Professional Practice,None / informal canon,How,Analyse / Evaluate / Create,Complicated / Complex,Cross-layer,Cross-horizon,Mechanistic / Factual; Heuristic / Policy,Deep retrieval on demand,Policy + RAG,High,Low,High,Automation / Tooling Agent,general poor judgement / missing context,Tooling / Composability,"Unix composability, small tools, scripts, and programmer environment thinking.",9780139376993,ISBN best-effort; verify edition before acquisition,Tooling / Composability / Unix Philosophy
Clean Code,Robert C. Martin,Book,High,Keep,General,Software Engineering,Code Quality,Software Construction,None / informal canon,How,Analyse / Evaluate / Create,Complicated / Complex,Code / Component,Immediate / Tactical,Mechanistic / Factual; Heuristic / Policy,Deep retrieval on demand,Policy + RAG,High,Low,High,Code Critic,waste / local optimisation,Code Quality,"Readable, maintainable code discipline and local design judgement.",9780132350884,ISBN best-effort; verify edition before acquisition,Code Quality / Software Engineering
Code Complete,Steve McConnell,Book,High,Keep,General,Software Engineering,Construction,Software Construction,None / informal canon,How,Analyse / Evaluate / Create,Complicated / Complex,Code / Component,Immediate / Tactical,Mechanistic / Factual; Heuristic / Policy,Deep retrieval on demand,RAG + Policy,High,Low,High,Implementation Mentor,general poor judgement / missing context,Construction,"Comprehensive software construction practices, code-level design, and quality habits.",9780735619678,ISBN best-effort; verify edition before acquisition,Construction / Software Engineering
Refactoring,Martin Fowler,Book,High,Keep,General,Software Engineering,Code Evolution,Software Construction,None / informal canon,How,Analyse / Evaluate / Create,Complicated / Complex,Code / Component,Immediate / Tactical,Mechanistic / Factual; Heuristic / Policy,Deep retrieval on demand,RAG + Policy,High,Low,High,Refactoring Agent,general poor judgement / missing context,Code Evolution,Systematic improvement of existing code without changing behaviour.,9780134757599,ISBN best-effort; verify edition before acquisition,Code Evolution / Software Engineering
Software Craftsmanship,Sandro Mancuso,Book,High,Add,General,Software Engineering,Engineering Culture,Software Construction,None / informal canon,Why,Analyse / Evaluate / Create,Complicated / Complex,Code / Component,Long-term / Strategic,Heuristic / Policy; Cultural / Cognitive,Continuous background prior,Policy,Medium,Low,High,Engineering Culture Agent,general poor judgement / missing context,Engineering Culture,"Professionalism, quality culture, deliberate practice, and engineering values.",9780134052502,ISBN best-effort; verify edition before acquisition,Engineering Culture / Software Engineering
Test-Driven Development: By Example,Kent Beck,Book,High,Keep,General,Software Engineering,Testing,Software Construction,None / informal canon,How,Analyse / Evaluate / Create,Complicated / Complex,Code / Component,Immediate / Tactical,Operational / Procedural; Heuristic / Policy,Workflow execution / checklist,Policy + Workflow,Medium,Low,High,Test / Feedback Agent,regression / weak feedback loop,Testing,Core feedback-loop discipline for implementation.,9780321146533,ISBN best-effort; verify edition before acquisition,Testing / Software Engineering
The Mythical Man-Month,Frederick P. Brooks Jr.,Book,High,Keep,General,Software Engineering,Project Reality,Software Construction,PMBOK / Agile,When,Analyse / Evaluate / Create,Complex,Code / Component,Cross-horizon,Mechanistic / Factual; Heuristic / Policy,Deep retrieval on demand,Policy + RAG,High,Low,High,Planning / Delivery Critic,schedule fantasy / governance failure,Brooks’ Law; second-system effect; conceptual integrity,"Timeless principles on schedule, complexity, communication, and software project failure.",9780201835953,ISBN best-effort; verify edition before acquisition,Project Reality / Software Engineering
The Pragmatic Programmer,Andrew Hunt; David Thomas,Book,High,Keep,General,Software Engineering,Craftsmanship,Software Construction,None / informal canon,How,Analyse / Evaluate / Create,Complicated / Complex,Code / Component,Cross-horizon,Mechanistic / Factual; Heuristic / Policy,Deep retrieval on demand,Policy + RAG,High,Low,High,Engineering Mentor,general poor judgement / missing context,DRY; tracer bullets; orthogonality; broken windows,"Broad engineering heuristics, feedback, automation, simplicity, and professionalism.",9780135957059,ISBN best-effort; verify edition before acquisition,Craftsmanship / Software Engineering
Working Effectively with Legacy Code,Michael Feathers,Book,High,Keep,General,Software Engineering,Legacy Systems,Software Construction,None / informal canon,How,Analyse / Evaluate / Create,Complicated / Complex,Code / Component,Immediate / Tactical,Mechanistic / Factual; Heuristic / Policy,Deep retrieval on demand,RAG + Policy,High,Low,High,Legacy Code Agent,change paralysis,Legacy Systems,Techniques for safely changing legacy code and introducing test seams.,9780131177055,ISBN best-effort; verify edition before acquisition,Legacy Systems / Software Engineering
Building Microservices,Sam Newman,Book,High,Add,General,Architecture,Microservices,Software Design,None / informal canon,How; Where,Analyse / Evaluate / Create,Complicated,System / Platform,Medium-term / Delivery,Mechanistic / Factual; Heuristic / Policy,Deep retrieval on demand,RAG + Policy,High,Medium,High,Microservices Agent,coupling / poor boundaries; distributed monolith / service-boundary failure,Microservices,"Service boundaries, distributed trade-offs, async communication, operability, and evolutionary architecture.",9781492034025,Verify edition before acquisition,Microservices / Architecture
Clean Architecture,Robert C. Martin,Book,High,Keep,General,Architecture,Architecture,Software Design,None / informal canon,How,Analyse / Evaluate / Create,Complicated,System / Platform,Medium-term / Delivery,Structural / Ontological; Heuristic / Policy,Structural retrieval / coverage check,Policy + Ontology,Medium,High,High,Architecture Critic,coupling / poor boundaries; waste / local optimisation,Architecture,"Dependency direction, boundaries, use cases, and architectural separation.",9780134494166,ISBN best-effort; verify edition before acquisition,Architecture / Architecture
Design Patterns,Erich Gamma; Richard Helm; Ralph Johnson; John Vlissides,Book,High,Keep,General,Architecture,Object-Oriented Design,Software Design,None / informal canon,How,Analyse / Evaluate / Create,Complicated,System / Platform,Medium-term / Delivery,Mechanistic / Factual; Structural / Ontological,Structural retrieval / coverage check,Ontology + RAG,High,High,Low,Design Pattern Agent,coupling / poor boundaries,Object-Oriented Design,Canonical reusable object-oriented design vocabulary.,9780201633610,ISBN best-effort; verify edition before acquisition,Object-Oriented Design / Architecture
Domain-Driven Design,Eric Evans,Book,High,Keep,General,Architecture,Domain Modelling,Software Design,None / informal canon,How; Why,Analyse / Evaluate / Create,Complex,System / Platform,Medium-term / Delivery,Structural / Ontological; Heuristic / Policy,Structural retrieval / coverage check,Ontology + Policy,Medium,High,High,Domain Modelling Agent,coupling / poor boundaries,bounded context; ubiquitous language; aggregate; context map,Strategic and tactical modelling for complex business domains.,9780321125217,ISBN best-effort; verify edition before acquisition,Domain Modelling / Architecture
Fundamentals of Software Architecture,Mark Richards; Neal Ford,Book,High,Keep,General,Architecture,Architecture,Software Design,None / informal canon,How,Analyse / Evaluate / Create,Complicated,System / Platform,Medium-term / Delivery,Mechanistic / Factual; Heuristic / Policy,Deep retrieval on demand,Policy + RAG,High,Low,High,Architecture Mentor,coupling / poor boundaries; reasoning bias,Architecture,"Modern architecture styles, trade-offs, and fitness functions.",9781492043454,ISBN best-effort; verify edition before acquisition,Architecture / Architecture
Software Architecture in Practice,Len Bass; Paul Clements; Rick Kazman,Book,High,Keep,General,Architecture,Architecture Method,Software Design,None / informal canon,How,Analyse / Evaluate / Create,Complicated,System / Platform,Medium-term / Delivery,Mechanistic / Factual; Structural / Ontological,Structural retrieval / coverage check,Ontology + RAG,High,High,Low,Architecture Governance Agent,coupling / poor boundaries,Architecture Method,"Quality attributes, architecture evaluation, and formal architecture practice.",9780136885979,ISBN best-effort; verify edition before acquisition,Architecture Method / Architecture
Software Architecture: The Hard Parts,Neal Ford; Mark Richards; Pramod Sadalage; Zhamak Dehghani,Book,High,Add,General,Architecture,Architecture Trade-offs,Software Design,None / informal canon,What; How; Where,Analyse / Evaluate / Create,Complicated,System / Platform,Medium-term / Delivery,Mechanistic / Factual; Heuristic / Policy,Deep retrieval on demand,Policy + RAG,High,Low,High,Architecture Trade-off Agent,coupling / poor boundaries,Architecture Trade-offs,"Architectural decomposition, distributed data, and trade-off analysis.",9781492086895,ISBN best-effort; verify edition before acquisition,Architecture Trade-offs / Architecture
Enterprise Integration Patterns,Gregor Hohpe; Bobby Woolf,Book,High,Keep,General,Enterprise Architecture,Integration,Software Design,TOGAF / Zachman,How,Analyse / Evaluate / Create,Complicated,System / Platform,Medium-term / Delivery,Mechanistic / Factual; Structural / Ontological,Structural retrieval / coverage check,Ontology + RAG,High,High,Low,Integration Agent,coupling / poor boundaries; brittle integration / coupling,message channel; router; translator; idempotent receiver; correlation identifier,"Canonical vocabulary for messaging, channels, routing, transformation, and integration style.",9780321200686,ISBN best-effort; verify edition before acquisition,Integration / Enterprise Architecture
Patterns of Enterprise Application Architecture,Martin Fowler,Book,High,Keep,General,Enterprise Architecture,Enterprise Systems,Software Design,TOGAF / Zachman,How,Analyse / Evaluate / Create,Complicated,System / Platform,Medium-term / Delivery,Mechanistic / Factual; Structural / Ontological,Structural retrieval / coverage check,Ontology + RAG,High,High,Low,Enterprise Architecture Agent,coupling / poor boundaries,Enterprise Systems,"Enterprise application layering, persistence, distribution, and domain patterns.",9780321127426,ISBN best-effort; verify edition before acquisition,Enterprise Systems / Enterprise Architecture
System Design Interview – An Insider’s Guide,Alex Xu,Book,High,Add,General,System Design,Scalable System Design,Software Design,None / informal canon,How,Analyse / Evaluate / Create,Complicated,System / Platform,Medium-term / Delivery,Mechanistic / Factual; Heuristic / Policy,Deep retrieval on demand,RAG + Policy,High,Medium,Medium,System Design Agent,coupling / poor boundaries; scaling-pattern gaps,caching; queues; sharding; rate limiting; load balancing; CDN,"Explicit scalable architecture patterns: caching, queues, sharding, rate limiting, CDNs, pub/sub, load balancing.",9798664653403,Verify edition before acquisition,System Design Patterns
Information Architecture for the World Wide Web,Louis Rosenfeld; Peter Morville; Jorge Arango,Book,High,Add,General,Information Architecture,Information Architecture,Software Design / HCI,None / informal canon,What; How; Who,Analyse / Evaluate / Create,Complicated,System / Platform,Medium-term / Delivery,Mechanistic / Factual; Structural / Ontological; Heuristic / Policy,Structural retrieval / coverage check,Ontology + RAG + Policy,High,High,Medium,Information Architecture Agent,coupling / poor boundaries; coordination failure,taxonomy; navigation; findability; metadata; information scent,"The polar bear book: taxonomy, navigation, findability, knowledge organisation, and web-scale information architecture.",9781491911686,Verify edition before acquisition,Information Architecture / UX / Knowledge Systems
Designing Interfaces,Jenifer Tidwell; Charles Brewer; Aynne Valencia,Book,High,Add,General,UX,Interface Patterns,Software Design / HCI,None / informal canon,How,Analyse / Evaluate / Create,Complicated / Complex,Product / User,Cross-horizon,Mechanistic / Factual; Structural / Ontological,Structural retrieval / coverage check,Ontology + RAG,High,High,Medium,Interface Pattern Agent,poor usability / user mismatch,Interface Patterns,UI interaction patterns and design vocabulary; roughly analogous to design patterns for interfaces.,9781492051961,Verify edition before acquisition,Interface Patterns / UX
Don't Make Me Think,Steve Krug,Book,High,Keep,General,UX,Usability,Software Design / HCI,None / informal canon,How,Analyse / Evaluate / Create,Complicated / Complex,Product / User,Cross-horizon,Heuristic / Policy,Continuous background prior,Policy,Medium,Low,High,Usability Critic,poor usability / user mismatch,Usability,"Simple, pragmatic usability principles for web/software interfaces.",9780321965516,ISBN best-effort; verify edition before acquisition,Usability / UX
The Design of Everyday Things,Don Norman,Book,High,Keep,General,UX,Human-centred Design,Software Design / HCI,None / informal canon,How,Analyse / Evaluate / Create,Complicated / Complex,Product / User,Cross-horizon,Mechanistic / Factual; Heuristic / Policy,Deep retrieval on demand,Policy + RAG,High,Low,High,UX Critic,poor usability / user mismatch; reasoning bias,Human-centred Design,"Affordances, feedback, constraints, and human-centred design fundamentals.",9780465050659,ISBN best-effort; verify edition before acquisition,Human-centred Design / UX
Design Systems,Alla Kholmatova,Book,High,Add,General,UX / Design Systems,Design Systems,Software Design / HCI,None / informal canon,How,Analyse / Evaluate / Create,Complicated / Complex,Product / User,Medium-term / Delivery,Mechanistic / Factual; Structural / Ontological; Heuristic / Policy,Structural retrieval / coverage check,Ontology + Policy + RAG,High,High,Medium,Design System Agent,poor usability / user mismatch,Design Systems,"Foundational practical treatment of design systems, UI consistency, components, and product/platform cohesion.",9783945749529,Verify edition before acquisition,Design Systems / UX
Measure What Matters,John Doerr,Book,High,Keep,General,Management,OKRs / Outcomes,Software Engineering Management,None / informal canon,Why,Analyse / Evaluate / Create,Complicated / Complex,Organisation / Enterprise,Cross-horizon,Heuristic / Policy,Continuous background prior,Policy + Metrics,Medium,Low,High,OKR Agent,general poor judgement / missing context,OKRs; alignment; outcomes,Outcome alignment through objectives and key results.,9780525536222,ISBN best-effort; verify edition before acquisition,OKRs / Outcomes / Management
Peopleware,Tom DeMarco; Timothy Lister,Book,High,Keep,General,Management,Human Systems,Software Engineering Management,None / informal canon,Who,Analyse / Evaluate / Create,Complicated / Complex,Organisation / Enterprise,Medium-term / Delivery,Heuristic / Policy,Continuous background prior,Policy,Medium,Low,High,People / Organisation Agent,cognitive overload / team coupling,Human Systems,"Human factors, team productivity, office ecology, and software work.",9780321934116,ISBN best-effort; verify edition before acquisition,Human Systems / Management
The Goal,Eliyahu Goldratt,Book,High,Add,General,Operations,Theory of Constraints,Software Engineering Management,None / informal canon,How,Analyse / Evaluate / Create,Complicated / Complex,Cross-layer,Cross-horizon,Heuristic / Policy,Continuous background prior,Policy,Medium,Low,High,Bottleneck / Flow Agent,general poor judgement / missing context,constraint; bottleneck; throughput; flow,"Bottleneck reasoning, flow, and system optimisation.",9780884271956,ISBN best-effort; verify edition before acquisition,Theory of Constraints / Operations
Team Topologies,Matthew Skelton; Manuel Pais,Book,High,Keep,General,Organisation,Team Design,Software Engineering Management,None / informal canon,How; Who,Analyse / Evaluate / Create,Complicated / Complex,Product / User,Long-term / Strategic,Structural / Ontological; Heuristic / Policy,Structural retrieval / coverage check,Ontology + Policy,Medium,High,High,Team Topology Agent,cognitive overload / team coupling; coordination failure,cognitive load; stream-aligned team; platform team; interaction modes,"Team interaction modes, cognitive load, and platform-team thinking.",9781942788812,ISBN best-effort; verify edition before acquisition,Team Design / Organisation
The Lean Startup,Eric Ries,Book,High,Keep,General,Startup Strategy,Startup / Experimentation,Software Engineering Management / Business Context,None / informal canon,Why,Analyse / Evaluate / Create,Complex,Business / Market,Long-term / Strategic,Heuristic / Policy,Continuous background prior,Policy,Medium,Low,High,Startup Strategy Agent,waste / local optimisation; building without market learning,MVP; validated learning; build-measure-learn; pivot,"Validated learning, MVPs, build-measure-learn, and uncertainty management.",9780307887894,ISBN best-effort; verify edition before acquisition,Startup / Experimentation / Startup Strategy
Escaping the Build Trap,Melissa Perri,Book,High,Keep,General,Product,Product Strategy,Software Engineering Management / Requirements,None / informal canon,Why,Analyse / Evaluate / Create,Complex,Product / User,Medium-term / Delivery,Heuristic / Policy,Continuous background prior,Policy,Medium,Low,High,Product Strategy Agent,general poor judgement / missing context,Product Strategy,Avoiding output obsession; product management focused on outcomes.,9781491973790,ISBN best-effort; verify edition before acquisition,Product Strategy / Product
Inspired,Marty Cagan,Book,High,Keep,General,Product,Product Management,Software Engineering Management / Requirements,None / informal canon,Who,Analyse / Evaluate / Create,Complex,Product / User,Medium-term / Delivery,Heuristic / Policy,Continuous background prior,Policy,Medium,Low,High,Product Agent,cognitive overload / team coupling,Product Management,"Modern product discovery, empowered teams, and product judgement.",9781119387503,ISBN best-effort; verify edition before acquisition,Product Management / Product
User Story Mapping,Jeff Patton,Book,High,Keep,General,Product,Product Discovery / Delivery,Software Engineering Management / Requirements,BABOK,Who; When,Analyse / Evaluate / Create,Complex,Product / User,Medium-term / Delivery,Operational / Procedural; Heuristic / Policy,Workflow execution / checklist,Workflow + Policy,Medium,Low,High,Product Sequencing Agent,general poor judgement / missing context,Product Discovery / Delivery,"Product discovery, user journeys, slicing, and release planning.",9781491904909,ISBN best-effort; verify edition before acquisition,Product Discovery / Delivery / Product
Accelerate,Nicole Forsgren; Jez Humble; Gene Kim,Book,High,Keep,General,DevOps,Delivery Metrics,Software Engineering Process,None / informal canon,Who,Analyse / Evaluate / Create,Complicated,Cross-layer,Medium-term / Delivery,Heuristic / Policy,Continuous background prior,Policy + Metrics,Medium,Low,High,Delivery Metrics Agent,bottleneck / capacity failure; coordination failure,DORA metrics; deployment frequency; lead time; MTTR; change fail rate,Evidence-based delivery performance and organisational capability model.,9781942788331,ISBN best-effort; verify edition before acquisition,Delivery Metrics / DevOps
Continuous Delivery,Jez Humble; David Farley,Book,High,Keep,General,DevOps,Delivery,Software Engineering Process,None / informal canon,Where,Apply / Analyse,Complicated / Complex,Cross-layer,Medium-term / Delivery,Mechanistic / Factual; Operational / Procedural,Workflow execution / checklist,Workflow + RAG,High,Low,Medium,Deployment Agent,general poor judgement / missing context,Delivery,"Automated build, test, deployment, and release pipelines.",9780321601919,ISBN best-effort; verify edition before acquisition,Delivery / DevOps
The Toyota Way,Jeffrey Liker,Book,High,Keep,General,Lean,Operational Excellence,Software Engineering Process,None / informal canon,How,Analyse / Evaluate / Create,Complicated / Complex,Cross-layer,Medium-term / Delivery,Operational / Procedural; Heuristic / Policy,Workflow execution / checklist,Policy + Workflow,Medium,Low,High,Lean Ops Agent,waste / local optimisation,kaizen; jidoka; Andon; stop-the-line; genchi genbutsu,"Lean production, jidoka, kaizen, Andon, and system-wide improvement.",9780071392310,ISBN best-effort; verify edition before acquisition,Operational Excellence / Lean
Systems Performance,Brendan Gregg,Book,High,Add,Specialist but foundational,Performance,Operations,Software Quality,None / informal canon,How,Apply / Analyse,Complicated,System / Platform,Medium-term / Delivery,Mechanistic / Factual,Deep retrieval on demand,RAG,High,Low,Low,Performance Agent,bottleneck / capacity failure,Operations,Systems performance methodology and bottleneck diagnosis.,9780136820154,ISBN best-effort; verify edition before acquisition,Operations / Performance
Release It!,Michael T. Nygard,Book,High,Keep,General,Reliability,Production Systems,Software Quality,None / informal canon,How,Analyse / Evaluate / Create,Chaotic / Complex,System / Platform,Medium-term / Delivery,Mechanistic / Factual; Heuristic / Policy,Deep retrieval on demand,Policy + RAG,High,Low,High,Resilience Agent,operational brittleness,circuit breaker; bulkhead; timeout; stability patterns,"Production failure modes, stability patterns, and operational design.",9781680502398,ISBN best-effort; verify edition before acquisition,Production Systems / Reliability
Site Reliability Engineering,Google,Book,High,Keep,General,Reliability,SRE,Software Quality,None / informal canon,When,Analyse / Evaluate / Create,Complicated / Complex,System / Platform,Medium-term / Delivery,Mechanistic / Factual; Heuristic / Policy,Deep retrieval on demand,Policy + RAG,High,Low,High,SRE Agent,operational brittleness,SLO; error budget; toil; incident response,"Reliability engineering, SLOs, toil, error budgets, and production practice.",9781491929124,ISBN best-effort; verify edition before acquisition,SRE / Reliability
Observability Engineering,Charity Majors; Liz Fong-Jones; George Miranda,Book,High,Add,General,Observability,Operations,Software Quality / Operations,None / informal canon,How,Analyse / Evaluate / Create,Complicated / Complex,System / Platform,Medium-term / Delivery,Mechanistic / Factual; Heuristic / Policy,Deep retrieval on demand,Policy + RAG,High,Low,High,Observability Agent,opaque production failure,Operations,"Modern observability, production debugging, telemetry, and socio-technical feedback.",9781492076445,ISBN best-effort; verify edition before acquisition,Operations / Observability
Security Engineering,Ross Anderson,Book,High,Keep,General,Security,Security Engineering,Software Quality / Security,NIST/OWASP/WCAG,How,Analyse / Evaluate / Create,Complicated,System / Platform,Cross-horizon,Mechanistic / Factual; Heuristic / Policy,Deep retrieval on demand,RAG + Policy,High,Low,High,Security Agent,security breach / weak threat model,Security Engineering,"Broad systems security, threat models, economics, and engineering practice.",9781119642787,ISBN best-effort; verify edition before acquisition,Security Engineering / Security
Accessibility for Everyone,Laura Kalbag,Book,High,Add,General,Accessibility,Accessibility,Software Quality / UX,NIST/OWASP/WCAG,How; Who,Analyse / Evaluate / Create,Clear / Complicated,Product / User,Medium-term / Delivery,Mechanistic / Factual; Heuristic / Policy,Deep retrieval on demand,Policy + RAG,High,Medium,High,Accessibility Critic,accessibility exclusion; cognitive overload / team coupling,Accessibility,"Lightweight accessibility literacy for designers, developers, and product teams.",9781937557409,Verify edition before acquisition,Accessibility / UX
Web Content Accessibility Guidelines,W3C,Standard / Web Reference,High,Add,General,Accessibility,Accessibility Standard,Software Quality / UX,NIST/OWASP/WCAG,How,Analyse / Evaluate / Create,Complicated / Complex,Product / User,Long-term / Strategic,Mechanistic / Factual; Structural / Ontological; Operational / Procedural,Workflow execution / checklist,Ontology + Workflow + RAG,High,High,Medium,Accessibility Verification Agent,accessibility exclusion,perceivable; operable; understandable; robust,Canonical web accessibility standard for enterprise web/apps; essential for compliance and UI quality.,Online standard,Use latest W3C/WCAG version,Accessibility Standard
Mastering the Requirements Process,Suzanne Robertson; James Robertson,Book,High,Keep,General,Requirements,Requirements Engineering,Software Requirements,BABOK,What; How; Who,Apply / Analyse,Complicated,Product / User,Medium-term / Delivery,Mechanistic / Factual; Operational / Procedural,Workflow execution / checklist,Workflow + RAG,High,Medium,Medium,Requirements Agent,wrong problem / ambiguous requirements,Requirements Engineering,"Stakeholder discovery, scope, and structured requirements process.",9780321815743,ISBN best-effort; verify edition before acquisition,Requirements Engineering / Requirements
Software Requirements,Karl Wiegers; Joy Beatty,Book,High,Keep,General,Requirements,Requirements Engineering,Software Requirements,BABOK,What,Apply / Analyse,Complicated,Product / User,Medium-term / Delivery,Mechanistic / Factual; Operational / Procedural,Workflow execution / checklist,Workflow + RAG,High,Medium,Medium,Requirements Agent,wrong problem / ambiguous requirements,Requirements Engineering,"Requirements elicitation, specification, prioritisation, and validation.",9780735679665,ISBN best-effort; verify edition before acquisition,Requirements Engineering / Requirements
The Personal MBA,Josh Kaufman,Book,Medium,Add,General,Business Literacy,Business Fundamentals,Business Context,None / informal canon,Why,Analyse / Evaluate / Create,Complex,Business / Market,Long-term / Strategic,Mechanistic / Factual; Heuristic / Policy; Cultural / Cognitive,Deep retrieval on demand,Policy + RAG,High,Low,High,Business Literacy Agent,poor acquisition / attribution gaps; CRM/process mismatch; cost blindness / reporting gaps; reasoning bias,Business Fundamentals,"Compact literacy across marketing, sales, finance, operations, and systems.",9781591845577,ISBN best-effort; verify edition before acquisition,Business Fundamentals / Business Literacy
Accounting Made Simple,Mike Piper,Book,Medium,Add,General,Finance / Accounting,Accounting Literacy,Business Context,None / informal canon,How; Why,Analyse / Evaluate / Create,Clear / Complicated,Business / Market,Cross-horizon,Mechanistic / Factual; Heuristic / Policy,Deep retrieval on demand,RAG + Policy,Medium,Medium,Medium,Accounting Literacy Agent,cost blindness / reporting gaps; scaling-pattern gaps,Accounting Literacy,"Minimal accounting literacy: ledgers, statements, reconciliation, reporting, and audit implications for system design.",9780981454221,Verify edition before acquisition,Accounting / Finance Literacy
Hacking Growth,Sean Ellis; Morgan Brown,Book,Medium,Add,General,Marketing / Growth,Growth Experimentation,Business Context,None / informal canon,Why,Analyse / Evaluate / Create,Complex,Business / Market,Medium-term / Delivery,Operational / Procedural; Heuristic / Policy,Workflow execution / checklist,Policy + Workflow + Metrics,Medium,Medium,High,Growth Experiment Agent,poor acquisition / attribution gaps,Growth Experimentation,"Growth loops, funnels, experimentation systems, analytics, and product-led growth literacy.",9780451497215,Verify edition before acquisition,Marketing / Growth / Analytics
Traction,Gabriel Weinberg; Justin Mares,Book,Medium,Add,General,Marketing / Growth,Growth Channels,Business Context,None / informal canon,How; Why,Analyse / Evaluate / Create,Complex,Business / Market,Medium-term / Delivery,Mechanistic / Factual; Heuristic / Policy,Deep retrieval on demand,Policy + RAG,Medium,Medium,High,Growth / Martech Agent,brittle integration / coupling; poor acquisition / attribution gaps,Growth Channels,Practical acquisition-channel model and growth-channel literacy for product/enterprise integration decisions.,9780241242537,Verify edition before acquisition,Marketing / Growth
Crossing the Chasm,Geoffrey Moore,Book,Medium,Add,General,Product Marketing,Go-to-market,Business Context,None / informal canon,When; Why,Analyse / Evaluate / Create,Complex,Product / User,Medium-term / Delivery,Heuristic / Policy,Continuous background prior,Policy,Medium,Low,High,GTM Agent,poor acquisition / attribution gaps,Go-to-market,Technology adoption lifecycle and B2B product-market transition.,9780062292988,ISBN best-effort; verify edition before acquisition,Go-to-market / Product Marketing
Obviously Awesome,April Dunford,Book,Medium,Add,General,Product Marketing,Positioning,Business Context,None / informal canon,Why,Analyse / Evaluate / Create,Complex,Product / User,Medium-term / Delivery,Heuristic / Policy,Continuous background prior,Policy,Medium,Low,High,Positioning Agent,poor acquisition / attribution gaps,Positioning,Product positioning and market framing.,9781999023003,ISBN best-effort; verify edition before acquisition,Positioning / Product Marketing
Algorithms,Robert Sedgewick; Kevin Wayne,Book,Medium,Keep,General,Computer Science,Algorithms,Computing Foundations,None / informal canon,What; How,Understand / Analyse,Complicated,Substrate / Machine / Runtime,Cross-horizon,Mechanistic / Factual,Deep retrieval on demand,RAG,High,Low,Low,Algorithms Agent,general poor judgement / missing context,Algorithms,Practical algorithms and data structures treatment.,9780321573513,ISBN best-effort; verify edition before acquisition,Algorithms / Computer Science
"Compilers: Principles, Techniques, and Tools",Aho; Lam; Sethi; Ullman,Book,Medium,Keep,Specialist,Computer Science,Compilers,Computing Foundations,None / informal canon,How,Understand / Analyse,Complicated,Substrate / Machine / Runtime,Immediate / Tactical,Mechanistic / Factual,Deep retrieval on demand,RAG,High,Low,Low,Language / Compiler Agent,general poor judgement / missing context,Compilers,"Compiler theory, parsing, optimisation, and language implementation.",9780321486813,ISBN best-effort; verify edition before acquisition,Compilers / Computer Science
Computer Architecture: A Quantitative Approach,John Hennessy; David Patterson,Book,Medium,Keep,Specialist,Computer Science,Computer Architecture,Computing Foundations,None / informal canon,How,Analyse / Evaluate / Create,Complicated,Substrate / Machine / Runtime,Medium-term / Delivery,Mechanistic / Factual,Deep retrieval on demand,RAG,High,Low,Low,Performance / Hardware Agent,coupling / poor boundaries; bottleneck / capacity failure,Computer Architecture,Advanced quantitative architecture and performance trade-offs.,9780128119051,ISBN best-effort; verify edition before acquisition,Computer Architecture / Computer Science
Distributed Systems,Andrew S. Tanenbaum; Maarten van Steen,Book,Medium,Keep,General,Computer Science,Distributed Systems,Computing Foundations,None / informal canon,Where,Understand / Analyse,Complicated,Substrate / Machine / Runtime,Cross-horizon,Mechanistic / Factual,Deep retrieval on demand,RAG,High,Low,Low,Distributed Systems Agent,reasoning bias,Distributed Systems,Academic distributed systems fundamentals.,9781543057386,ISBN best-effort; verify edition before acquisition,Distributed Systems / Computer Science
Java Concurrency in Practice,Brian Goetz et al.,Book,Medium,Keep,Specific,Concurrency,Concurrency,Computing Foundations,None / informal canon,How,Understand / Analyse,Complicated / Complex,Substrate / Machine / Runtime,Cross-horizon,Mechanistic / Factual,Deep retrieval on demand,RAG,High,Low,Low,Concurrency Agent,general poor judgement / missing context,Concurrency,Practical Java concurrency and memory model.,9780321349606,ISBN best-effort; verify edition before acquisition,Concurrency / Concurrency
The Art of Multiprocessor Programming,Maurice Herlihy; Nir Shavit,Book,Medium,Keep,Specialist,Concurrency,Concurrency,Computing Foundations,None / informal canon,How,Understand / Analyse,Complicated,Substrate / Machine / Runtime,Cross-horizon,Mechanistic / Factual,Deep retrieval on demand,RAG,High,Low,Low,Concurrency Agent,general poor judgement / missing context,Concurrency,Concurrent algorithms and multiprocessor reasoning.,9780123973375,ISBN best-effort; verify edition before acquisition,Concurrency / Concurrency
Designing Distributed Systems,Brendan Burns,Book,Medium,Add,Specific,Distributed Systems,Distributed Design Patterns,Computing Foundations,None / informal canon,How; Where,Analyse / Evaluate / Create,Complicated,System / Platform,Cross-horizon,Mechanistic / Factual; Structural / Ontological,Structural retrieval / coverage check,RAG + Ontology,High,High,Medium,Distributed Pattern Agent,general poor judgement / missing context,Distributed Design Patterns,Kubernetes-oriented reusable distributed system patterns.,9781491983645,Verify edition before acquisition,Distributed System Patterns
Understanding Distributed Systems,Roberto Vitillo,Book,Medium,Add,General,Distributed Systems,Distributed Systems,Computing Foundations,None / informal canon,Where,Understand / Analyse,Complicated,System / Platform,Cross-horizon,Mechanistic / Factual,Deep retrieval on demand,RAG,High,Low,Low,Distributed Systems Agent,reasoning bias,Distributed Systems,Accessible modern distributed systems fundamentals.,9781838430207,ISBN best-effort; verify edition before acquisition,Distributed Systems / Distributed Systems
Internetworking with TCP/IP Volume 1,Douglas Comer,Book,Medium,Add,General,Networking,TCP/IP Fundamentals,Computing Foundations,None / informal canon,How; Where,Analyse / Evaluate / Create,Complicated,Substrate / Machine / Runtime,Medium-term / Delivery,Mechanistic / Factual; Cultural / Cognitive,Deep retrieval on demand,RAG,High,Low,Low,Networking Agent,coupling / poor boundaries; latency / protocol misunderstanding; reasoning bias,TCP/IP Fundamentals,Classic TCP/IP and internet architecture reference.,9780136085300,ISBN best-effort; verify edition before acquisition,TCP/IP Fundamentals / Networking
HTTP: The Definitive Guide,David Gourley; Brian Totty,Book,Medium,Add,Specific,Networking / Web,HTTP,Computing Foundations,None / informal canon,Where,Understand / Analyse,Complicated,Substrate / Machine / Runtime,Medium-term / Delivery,Mechanistic / Factual,Deep retrieval on demand,RAG,High,Low,Low,Web Protocol Agent,latency / protocol misunderstanding,HTTP,HTTP internals and web protocol behaviour.,9781565925090,ISBN best-effort; verify edition before acquisition,HTTP / Networking / Web
Effective Java,Joshua Bloch,Book,Medium,Keep,Specific,Programming Languages,Language Practice,Computing Foundations,None / informal canon,How,Analyse / Evaluate / Create,Complicated / Complex,Substrate / Machine / Runtime,Cross-horizon,Mechanistic / Factual; Heuristic / Policy,Deep retrieval on demand,Policy + RAG,High,Low,High,Java Quality Agent,general poor judgement / missing context,Language Practice,Java API design and idiomatic effective practice.,9780134685991,ISBN best-effort; verify edition before acquisition,Language Practice / Programming Languages
The C Programming Language,Brian Kernighan; Dennis Ritchie,Book,Medium,Keep,Specific,Programming Languages,Language Foundations,Computing Foundations,None / informal canon,How,Understand / Analyse,Complicated / Complex,Substrate / Machine / Runtime,Cross-horizon,Mechanistic / Factual,Deep retrieval on demand,RAG,High,Low,Low,Language Foundations Agent,general poor judgement / missing context,Language Foundations,Canonical C language and systems programming idioms.,9780131103627,ISBN best-effort; verify edition before acquisition,Language Foundations / Programming Languages
Build a Large Language Model From Scratch,Sebastian Raschka,Book,Medium,Add,Specific / current,LLMs,LLM Fundamentals,Computing Foundations / AI,None / informal canon,How,Analyse / Evaluate / Create,Complicated,Human / Cultural,Immediate / Tactical,Mechanistic / Factual; Cultural / Cognitive,Deep retrieval on demand,RAG,High,Low,Low,LLM Implementation Agent,coupling / poor boundaries; reasoning bias,LLM Fundamentals,Hands-on LLM architecture and implementation fundamentals.,9781633437166,ISBN best-effort; verify edition before acquisition,LLM Fundamentals / LLMs
Machine Learning Engineering,Andriy Burkov,Book,Medium,Add,General,ML Systems,ML Engineering,Computing Foundations / AI,None / informal canon,When,Apply / Analyse,Complicated,Cross-layer,Medium-term / Delivery,Mechanistic / Factual; Operational / Procedural,Workflow execution / checklist,RAG + Workflow,High,Low,Medium,ML Engineering Agent,schedule fantasy / governance failure,ML Engineering,Practical ML project lifecycle and production considerations.,9781999579579,ISBN best-effort; verify edition before acquisition,ML Engineering / ML Systems
Deep Learning,Ian Goodfellow; Yoshua Bengio; Aaron Courville,Book,Medium,Add,Specialist,Machine Learning,Deep Learning,Computing Foundations / AI,None / informal canon,How,Understand / Analyse,Complicated / Complex,Cross-layer,Cross-horizon,Mechanistic / Factual,Deep retrieval on demand,RAG,High,Low,Low,ML Agent,general poor judgement / missing context,Deep Learning,Canonical deep learning theory and methods.,9780262035613,ISBN best-effort; verify edition before acquisition,Deep Learning / Machine Learning
Pattern Recognition and Machine Learning,Christopher Bishop,Book,Medium,Add,Specialist,Machine Learning,ML Fundamentals,Computing Foundations / AI,None / informal canon,How,Analyse / Evaluate / Create,Complicated / Complex,Human / Cultural,Cross-horizon,Mechanistic / Factual; Cultural / Cognitive,Deep retrieval on demand,RAG,High,Low,Low,ML Agent,reasoning bias,ML Fundamentals,Probabilistic machine learning foundations.,9780387310732,ISBN best-effort; verify edition before acquisition,ML Fundamentals / Machine Learning
Streaming Systems,Tyler Akidau; Slava Chernyak; Reuven Lax,Book,Medium,Add,Specific,Data Systems,Streaming / Event Time,Computing Foundations / Data Management,None / informal canon,What; How; When,Understand / Analyse,Complicated,System / Platform,Medium-term / Delivery,Mechanistic / Factual,Deep retrieval on demand,RAG,High,Medium,Low,Streaming Systems Agent,coupling / poor boundaries,Streaming / Event Time,"Event-time processing, stream semantics, windowing, and modern streaming architecture.",9781491983874,Verify edition before acquisition,Streaming / Event Systems
Readings in Database Systems,Michael Stonebraker; Joseph Hellerstein,Book,Medium,Add,Specific,Databases,Database Research,Computing Foundations / Data Management,None / informal canon,What,Understand / Analyse,Complicated,System / Platform,Medium-term / Delivery,Mechanistic / Factual,Deep retrieval on demand,RAG,High,Low,Low,Database Research Agent,data inconsistency / poor persistence design,Database Research,Curated classic papers in database systems.,Varies / edition dependent,Must verify edition/ISBN before purchase,Database Research / Databases
SQL Performance Explained,Markus Winand,Book,Medium,Add,Specific,Databases,SQL Performance,Computing Foundations / Data Management,None / informal canon,What,Understand / Analyse,Complicated,System / Platform,Medium-term / Delivery,Mechanistic / Factual,Deep retrieval on demand,RAG,High,Low,Low,Performance / DB Agent,data inconsistency / poor persistence design; bottleneck / capacity failure,SQL Performance,Practical indexing and query performance thinking.,9783950307825,ISBN best-effort; verify edition before acquisition,SQL Performance / Databases
The E-Myth Revisited,Michael Gerber,Book,Medium,Keep,General,Business Systems,Business Process,Cross-cutting / Other,None / informal canon,How; Why,Analyse / Evaluate / Create,Complicated / Complex,Business / Market,Long-term / Strategic,Structural / Ontological; Heuristic / Policy,Structural retrieval / coverage check,Policy + Ontology,Medium,High,High,Business Systems Agent,general poor judgement / missing context,Business Process,Technician/manager/entrepreneur split and repeatable process design.,9780887307287,ISBN best-effort; verify edition before acquisition,Business Process / Business Systems
Specification by Example,Gojko Adzic,Book,Medium,Add,General,Requirements / Testing,Executable Specification,Cross-cutting / Other,BABOK,What,Apply / Analyse,Complicated,Code / Component,Immediate / Tactical,Mechanistic / Factual; Operational / Procedural,Workflow execution / checklist,Workflow + RAG,High,Low,Medium,Specification / Test Agent,wrong problem / ambiguous requirements; regression / weak feedback loop,Executable Specification,"Collaborative examples, acceptance tests, and living documentation.",9781617290084,ISBN best-effort; verify edition before acquisition,Executable Specification / Requirements / Testing
Observing the User Experience,Mike Kuniavsky; Elizabeth Goodman; Andrea Moed,Book,Medium,Add,General,UX Research,User Research,Cross-cutting / Other,None / informal canon,Who,Apply / Analyse,Complex,Product / User,Cross-horizon,Mechanistic / Factual; Operational / Procedural,Workflow execution / checklist,Workflow + RAG,High,Low,Medium,UX Research Agent,poor usability / user mismatch,User Research,UX research methods and practical user observation.,9780123848697,ISBN best-effort; verify edition before acquisition,User Research / UX Research
Data Modeling Made Simple,Steve Hoberman,Book,Medium,Add,General,Data Architecture,Data Modelling,Data Management,DMBOK,What; How,Analyse / Evaluate / Create,Complicated,System / Platform,Medium-term / Delivery,Mechanistic / Factual; Structural / Ontological,Structural retrieval / coverage check,Ontology + RAG,High,High,Low,Data Modelling Agent,coupling / poor boundaries,Data Modelling,Practical data modelling literacy for enterprise systems.,9780977140066,ISBN best-effort; verify edition before acquisition,Data Modelling / Data Architecture
The Data Warehouse Toolkit,Ralph Kimball; Margy Ross,Book,Medium,Add,Specific,Data Architecture,Analytics / Warehousing,Data Management,DMBOK,What; How,Analyse / Evaluate / Create,Complicated,System / Platform,Medium-term / Delivery,Mechanistic / Factual; Structural / Ontological,Structural retrieval / coverage check,Ontology + RAG,High,High,Low,Analytics Architecture Agent,coupling / poor boundaries,Analytics / Warehousing,Dimensional modelling and warehouse design.,9781118530801,ISBN best-effort; verify edition before acquisition,Analytics / Warehousing / Data Architecture
DMBOK,DAMA International,Book,Medium,Add,General,Data Governance,Data Governance,Data Management,DMBOK,What; When,Analyse / Evaluate / Create,Complicated,Organisation / Enterprise,Long-term / Strategic,Mechanistic / Factual; Structural / Ontological,Structural retrieval / coverage check,Ontology + RAG,Medium,High,Medium,Data Governance Agent,general poor judgement / missing context,data governance; metadata; stewardship; data quality,"Enterprise data governance, metadata, stewardship, lifecycle, and information management literacy.",9781634622349,ISBN best-effort; verify edition before acquisition,Data Governance
BIZBOK Guide,Business Architecture Guild,Book,Medium,Add,General,Business Architecture,Capabilities / Value Streams,Enterprise / Business Architecture,BIZBOK,How; Why,Analyse / Evaluate / Create,Complicated,System / Platform,Medium-term / Delivery,Structural / Ontological; Operational / Procedural,Workflow execution / checklist,Ontology + Workflow,Medium,High,Medium,Business Capability Agent,coupling / poor boundaries,Capabilities / Value Streams,"Capability maps, value streams, and business architecture structure aligned with enterprise operating models.",Edition dependent,Verify edition before acquisition,Business Architecture
Community Building on the Web,Amy Jo Kim,Book,Medium,Add,General,Online Communities,Community Design,Human and Social Aspects,None / informal canon,How; Who,Analyse / Evaluate / Create,Complex,Product / User,Cross-horizon,Mechanistic / Factual; Heuristic / Policy; Cultural / Cognitive,Deep retrieval on demand,Policy + RAG,Medium,Medium,High,Community Design Agent,social-system failure,Community Design,"Canonical early treatment of online community design, participation, roles, and norms.",9780201874846,Older but conceptually useful; verify edition/source,Online Community Design
Here Comes Everybody,Clay Shirky,Book,Medium,Add,General,Online Communities,Online Coordination,Human and Social Aspects,None / informal canon,Who,Analyse / Evaluate / Create,Complicated / Complex,Human / Cultural,Cross-horizon,Heuristic / Policy,Continuous background prior,Policy,Low,Medium,High,Community / Collaboration Agent,general poor judgement / missing context,Online Coordination,"Online coordination, group behaviour, user-generated systems, and internet-scale collaboration.",9780143114949,Verify edition before acquisition,Online Communities
Poor Charlie's Almanack,Charlie Munger,Book,Medium,Keep,General,Decision Making,Mental Models,Professional Practice,None / informal canon,How,Analyse / Evaluate / Create,Complicated / Complex,Human / Cultural,Cross-horizon,Heuristic / Policy; Cultural / Cognitive,Triggered heuristic / critique lens,Policy,Medium,Low,High,Mental Models Agent,reasoning bias,inversion; incentives; latticework of mental models,"Inversion, multidisciplinary mental models, incentives, and judgement.",9781578645010,ISBN best-effort; verify edition before acquisition,Mental Models / Decision Making
Superforecasting,Philip Tetlock; Dan Gardner,Book,Medium,Add,General,Decision Making,Forecasting,Professional Practice,None / informal canon,How,Analyse / Evaluate / Create,Complicated / Complex,Human / Cultural,Cross-horizon,Heuristic / Policy; Cultural / Cognitive,Continuous background prior,Policy + Metrics,Medium,Low,High,Forecasting Agent,general poor judgement / missing context,Forecasting,"Forecasting, calibration, probabilistic judgement, and belief updates.",9780804136716,ISBN best-effort; verify edition before acquisition,Forecasting / Decision Making
Thinking in Bets,Annie Duke,Book,Medium,Add,General,Decision Making,Uncertainty,Professional Practice,None / informal canon,Why,Analyse / Evaluate / Create,Complicated / Complex,Human / Cultural,Cross-horizon,Heuristic / Policy; Cultural / Cognitive,Continuous background prior,Policy,Medium,Low,High,Decision Agent,general poor judgement / missing context,Uncertainty,Decision quality under uncertainty and outcome/resulting separation.,9780735216358,ISBN best-effort; verify edition before acquisition,Uncertainty / Decision Making
"Thinking, Fast and Slow",Daniel Kahneman,Book,Medium,Add,General,Decision Making,Cognitive Bias,Professional Practice,None / informal canon,How,Analyse / Evaluate / Create,Complicated / Complex,Human / Cultural,Cross-horizon,Heuristic / Policy; Cultural / Cognitive,Continuous background prior,Policy,Medium,Low,High,Bias Critic,general poor judgement / missing context,Cognitive Bias,"Human judgement, bias, and decision errors.",9780374533557,ISBN best-effort; verify edition before acquisition,Cognitive Bias / Decision Making
More Joel on Software,Joel Spolsky,Book,Medium,Add,General,Engineering Culture,Software Judgement,Professional Practice,None / informal canon,How,Analyse / Evaluate / Create,Complicated / Complex,Human / Cultural,Medium-term / Delivery,Mechanistic / Factual; Heuristic / Policy; Cultural / Cognitive,Deep retrieval on demand,Policy + RAG,High,Low,High,Pragmatic Engineering Agent,general poor judgement / missing context,Software Judgement,"Further essays on software practice, management, and product thinking.",9781430209874,ISBN best-effort; verify edition before acquisition,Software Judgement / Engineering Culture
Hacker Laws,David W. Kerr et al.,Standard / Web Reference,Medium,Add,General,Engineering Heuristics,Laws / Aphorisms,Professional Practice,None / informal canon,How,Analyse / Evaluate / Create,Complicated / Complex,Cross-layer,Cross-horizon,Structural / Ontological,Triggered heuristic / critique lens,Symbolic Trigger List + Ontology,Medium,High,High,Heuristic Trigger Agent,general poor judgement / missing context,Laws / Aphorisms,Curated software and systems laws useful as compact activation triggers for critique and reasoning.,Online repository,Use current GitHub repository; verify licence,Heuristic Laws / Trigger Index
The Great Mental Models,Shane Parrish; Rhiannon Beaubien,Book,Medium,Add,General,Mental Models,Mental Models,Professional Practice,None / informal canon,How,Analyse / Evaluate / Create,Complicated / Complex,Human / Cultural,Cross-horizon,Heuristic / Policy; Cultural / Cognitive,Triggered heuristic / critique lens,Policy,Low,Medium,High,Mental Models Agent,reasoning bias,Mental Models,Curated cross-domain reasoning models; useful for critique and decision activation.,9781999449001,Verify edition before acquisition,Mental Models / Reasoning
"Growing Object-Oriented Software, Guided by Tests",Steve Freeman; Nat Pryce,Book,Medium,Add,Specific,Software Engineering,Testing / Design,Software Construction,None / informal canon,How,Analyse / Evaluate / Create,Complicated / Complex,Code / Component,Immediate / Tactical,Mechanistic / Factual; Heuristic / Policy,Deep retrieval on demand,Policy + RAG,High,Low,High,TDD Design Agent,regression / weak feedback loop,Testing / Design,"London-school TDD, outside-in design, and interaction testing.",9780321503626,ISBN best-effort; verify edition before acquisition,Testing / Design / Software Engineering
xUnit Test Patterns,Gerard Meszaros,Book,Medium,Add,Specific,Software Engineering,Testing,Software Construction,None / informal canon,How,Apply / Analyse,Complicated,Code / Component,Immediate / Tactical,Mechanistic / Factual,Deep retrieval on demand,RAG,High,Low,Low,Testing Specialist,coupling / poor boundaries; regression / weak feedback loop,Testing,Detailed test architecture and test smell catalogue.,9780131495050,ISBN best-effort; verify edition before acquisition,Testing / Software Engineering
API Design Patterns,JJ Geewax,Book,Medium,Add,Specific,APIs,API Design,Software Design,None / informal canon,How; Where,Analyse / Evaluate / Create,Complicated / Complex,System / Platform,Cross-horizon,Mechanistic / Factual; Structural / Ontological,Structural retrieval / coverage check,RAG + Ontology,High,High,Low,API Design Agent,general poor judgement / missing context,API Design,"Modern API design patterns, especially for cloud/service APIs.",9781617295850,ISBN best-effort; verify edition before acquisition,API Design / APIs
REST in Practice,Jim Webber; Savas Parastatidis; Ian Robinson,Book,Medium,Add,Specific,APIs,REST / Integration,Software Design,None / informal canon,How; Where,Analyse / Evaluate / Create,Complicated,System / Platform,Medium-term / Delivery,Mechanistic / Factual; Heuristic / Policy,Deep retrieval on demand,RAG + Policy,High,Low,High,API Design Agent,brittle integration / coupling,REST / Integration,"Practical REST, hypermedia, and distributed integration design.",9780596805821,ISBN best-effort; verify edition before acquisition,REST / Integration / APIs
RESTful Web APIs,Leonard Richardson; Mike Amundsen,Book,Medium,Keep,Specific,APIs,REST / APIs,Software Design,None / informal canon,How,Analyse / Evaluate / Create,Complicated / Complex,System / Platform,Cross-horizon,Mechanistic / Factual; Heuristic / Policy,Deep retrieval on demand,RAG + Policy,High,Low,High,API Design Agent,general poor judgement / missing context,REST / APIs,REST API design and hypermedia-oriented interface thinking.,9781449358068,ISBN best-effort; verify edition before acquisition,REST / APIs / APIs
Building Evolutionary Architectures,Neal Ford; Rebecca Parsons; Patrick Kua,Book,Medium,Add,General,Architecture,Evolutionary Architecture,Software Design,None / informal canon,How,Analyse / Evaluate / Create,Complicated,System / Platform,Medium-term / Delivery,Operational / Procedural; Heuristic / Policy,Workflow execution / checklist,Policy + Workflow,Medium,Low,High,Architecture Fitness Agent,coupling / poor boundaries,Evolutionary Architecture,Fitness functions and guided architectural evolution.,9781491986363,ISBN best-effort; verify edition before acquisition,Evolutionary Architecture / Architecture
Cloud Native Patterns,Cornelia Davis,Book,Medium,Add,General,Architecture,Cloud-native Patterns,Software Design,None / informal canon,How; Where,Analyse / Evaluate / Create,Complicated,System / Platform,Medium-term / Delivery,Mechanistic / Factual; Heuristic / Policy,Deep retrieval on demand,RAG + Policy,High,Medium,Medium,Cloud-native Architecture Agent,coupling / poor boundaries,Cloud-native Patterns,"Cloud-native architectural patterns, resilience, scaling, and distributed app design.",9781617294297,Verify edition before acquisition,Cloud-native Architecture
Documenting Software Architectures,Paul Clements et al.,Book,Medium,Add,General,Architecture,Architecture Documentation,Software Design,None / informal canon,How; Who,Analyse / Evaluate / Create,Complicated,System / Platform,Medium-term / Delivery,Structural / Ontological; Operational / Procedural,Workflow execution / checklist,Ontology + Workflow,Low,High,Medium,Documentation Agent,coupling / poor boundaries,Architecture Documentation,"Architecture views, documentation structures, and stakeholder communication.",9780321552686,ISBN best-effort; verify edition before acquisition,Architecture Documentation / Architecture
Implementing Domain-Driven Design,Vaughn Vernon,Book,Medium,Add,Specific,Architecture,Domain Modelling,Software Design,None / informal canon,How,Analyse / Evaluate / Create,Complicated,System / Platform,Immediate / Tactical,Mechanistic / Factual; Structural / Ontological,Structural retrieval / coverage check,RAG + Ontology,High,High,Low,DDD Implementation Agent,coupling / poor boundaries,Domain Modelling,More implementation-oriented treatment of DDD patterns and bounded contexts.,9780321834577,ISBN best-effort; verify edition before acquisition,Domain Modelling / Architecture
TOGAF Standard,The Open Group,Standard / Web Reference,Medium,Keep,General,Enterprise Architecture,EA Framework / Governance,Software Design,TOGAF / Zachman,How,Analyse / Evaluate / Create,Complicated,System / Platform,Medium-term / Delivery,Structural / Ontological; Operational / Procedural,Workflow execution / checklist,Ontology + Workflow,Low,High,Medium,Enterprise Governance Agent,coupling / poor boundaries,ADM; architecture domains; viewpoints; governance,"Architecture domains, ADM process, viewpoints, and governance structure.",Official standard / edition dependent,Must verify edition/ISBN before purchase,EA Framework / Governance / Enterprise Architecture
The Visual Display of Quantitative Information,Edward Tufte,Book,Medium,Keep,General,Data Visualisation,Information Design,Software Design / HCI,None / informal canon,What; How,Analyse / Evaluate / Create,Complicated / Complex,Product / User,Cross-horizon,Mechanistic / Factual; Heuristic / Policy,Deep retrieval on demand,Policy + RAG,High,Low,High,Dashboard Critic,general poor judgement / missing context,Information Design,Classic principles for high-density analytical visualisation.,9780961392147,ISBN best-effort; verify edition before acquisition,Information Design / Data Visualisation
About Face,Alan Cooper et al.,Book,Medium,Keep,General,UX,Interaction Design,Software Design / HCI,None / informal canon,How; Why,Analyse / Evaluate / Create,Complicated / Complex,Product / User,Medium-term / Delivery,Mechanistic / Factual; Heuristic / Policy,Deep retrieval on demand,RAG + Policy,High,Low,High,Interaction Design Agent,poor usability / user mismatch,Interaction Design,"Interaction design, personas, goals, and product behaviour.",9781118766576,ISBN best-effort; verify edition before acquisition,Interaction Design / UX
Refactoring UI,Adam Wathan; Steve Schoger,Book,Medium,Add,General,UX / Visual Design,Visual Design for Engineers,Software Design / HCI,None / informal canon,How,Analyse / Evaluate / Create,Clear / Complicated,Product / User,Cross-horizon,Mechanistic / Factual; Heuristic / Policy,Deep retrieval on demand,Policy + RAG,Medium,Low,High,Visual Design Critic,poor usability / user mismatch,Visual Design for Engineers,High-signal practical visual design literacy for engineers building web and app interfaces.,Independent / edition dependent,Verify current official edition/source,Visual Design / UX
Cloud FinOps,J.R. Storment; Mike Fuller,Book,Medium,Add,General,FinOps,Cloud Economics,Software Engineering Economics,FinOps,How; Where; Why,Analyse / Evaluate / Create,Complicated,Business / Market,Medium-term / Delivery,Mechanistic / Factual; Heuristic / Policy,Deep retrieval on demand,Policy + Metrics + RAG,Medium,Medium,High,FinOps Agent,coupling / poor boundaries; cloud spend drift,Cloud Economics,"Cloud cost governance, ownership, optimisation, tagging, unit economics, and architecture-cost trade-offs.",9781492054628,Verify edition before acquisition,Cloud Economics / FinOps
FinOps Framework,FinOps Foundation,Standard / Web Reference,Medium,Add,General,FinOps,Cloud Financial Governance,Software Engineering Economics,FinOps,How; Where,Analyse / Evaluate / Create,Complicated,Organisation / Enterprise,Medium-term / Delivery,Structural / Ontological; Operational / Procedural,Workflow execution / checklist,Ontology + Workflow + Metrics,Medium,High,High,FinOps Governance Agent,coupling / poor boundaries; cloud spend drift,inform; optimise; operate; cost allocation; unit economics,Canonical cloud financial operations framework for architecture/economic trade-off literacy.,Online framework,Use latest online version,FinOps / Governance
An Elegant Puzzle,Will Larson,Book,Medium,Keep,General,Management,Engineering Leadership,Software Engineering Management,None / informal canon,Who; Why,Analyse / Evaluate / Create,Complex,Organisation / Enterprise,Long-term / Strategic,Heuristic / Policy,Continuous background prior,Policy,Medium,Low,High,Engineering Leadership Agent,coordination failure,Engineering Leadership,"Engineering management systems, organisations, and strategy.",9781732265189,ISBN best-effort; verify edition before acquisition,Engineering Leadership / Management
Staff Engineer,Will Larson,Book,Medium,Add,General,Management,Staff+ Engineering,Software Engineering Management,None / informal canon,Who,Analyse / Evaluate / Create,Complicated / Complex,Organisation / Enterprise,Long-term / Strategic,Heuristic / Policy,Continuous background prior,Policy,Medium,Low,High,Staff Engineer Agent,coordination failure,Staff+ Engineering,"Staff-level influence, technical leadership, and organisational leverage.",9781736417911,ISBN best-effort; verify edition before acquisition,Staff+ Engineering / Management
The Manager's Path,Camille Fournier,Book,Medium,Keep,General,Management,Engineering Management,Software Engineering Management,None / informal canon,How,Analyse / Evaluate / Create,Complicated / Complex,Organisation / Enterprise,Cross-horizon,Heuristic / Policy,Continuous background prior,Policy,Medium,Low,High,Engineering Manager Agent,general poor judgement / missing context,Engineering Management,"Career ladder, management transitions, and engineering leadership.",9781491973899,ISBN best-effort; verify edition before acquisition,Engineering Management / Management
The Checklist Manifesto,Atul Gawande,Book,Medium,Keep,General,Operations,Execution Reliability,Software Engineering Management,None / informal canon,How,Analyse / Evaluate / Create,Clear / Complicated,System / Platform,Cross-horizon,Operational / Procedural; Heuristic / Policy,Workflow execution / checklist,Policy + Workflow,Medium,Low,High,Checklist Agent,operational brittleness,Execution Reliability,Checklist-based operational reliability and error reduction.,9780312430009,ISBN best-effort; verify edition before acquisition,Execution Reliability / Operations
The Practice of Cloud System Administration,Thomas Limoncelli et al.,Book,Medium,Add,General,Operations,Cloud Operations / Governance,Software Engineering Management,NIST/OWASP/WCAG,Where,Analyse / Evaluate / Create,Complicated,Organisation / Enterprise,Long-term / Strategic,Mechanistic / Factual; Heuristic / Policy,Deep retrieval on demand,Policy + RAG,High,Medium,High,Cloud Operations Agent,operational brittleness,Cloud Operations / Governance,"Pragmatic operational governance, cloud administration, reliability, and service-management literacy without deep ITIL bureaucracy.",9780321943187,ISBN best-effort; verify edition before acquisition,Operations / Governance
The Practice of System and Network Administration,Thomas Limoncelli; Christina Hogan; Strata Chalup,Book,Medium,Add,Specific,Operations,Sysadmin / Operations,Software Engineering Management,NIST/OWASP/WCAG,How,Analyse / Evaluate / Create,Complicated / Complex,Cross-layer,Long-term / Strategic,Mechanistic / Factual; Heuristic / Policy,Deep retrieval on demand,Policy + RAG,High,Low,High,Operations Agent,latency / protocol misunderstanding; operational brittleness,Sysadmin / Operations,"Operational practices, service management, reliability, and automation culture.",9780321919168,ISBN best-effort; verify edition before acquisition,Sysadmin / Operations / Operations
Lean Analytics,Alistair Croll; Benjamin Yoskovitz,Book,Medium,Add,General,Product Analytics,Analytics / Metrics,Software Engineering Management,None / informal canon,How,Analyse / Evaluate / Create,Complex,Product / User,Medium-term / Delivery,Heuristic / Policy,Continuous background prior,Policy + Metrics,Medium,Low,High,Product Analytics Agent,waste / local optimisation; building without market learning,Analytics / Metrics,"Startup/product metrics, experimentation, and stage-aware analytics.",9781449335670,ISBN best-effort; verify edition before acquisition,Analytics / Metrics / Product Analytics
PMBOK Guide,Project Management Institute,Book,Medium,Keep,General,Project Management,Project Management BOK,Software Engineering Management,PMBOK / Agile,Who; When,Analyse / Evaluate / Create,Complicated,Organisation / Enterprise,Medium-term / Delivery,Structural / Ontological; Operational / Procedural,Workflow execution / checklist,Ontology + Workflow,Low,High,Medium,Project Governance Agent,schedule fantasy / governance failure,scope; schedule; risk; stakeholder; procurement,"Risk, scope, schedule, dependency, stakeholder and delivery governance.",9781628256642,ISBN best-effort; verify edition before acquisition,Project Management BOK / Project Management
Zero to One,Peter Thiel,Book,Medium,Keep,General,Startup Strategy,Differentiation,Software Engineering Management / Business Context,None / informal canon,Why,Analyse / Evaluate / Create,Complex,Business / Market,Long-term / Strategic,Heuristic / Policy,Continuous background prior,Policy,Medium,Low,High,Strategic Contrarian Agent,building without market learning,Differentiation,"Differentiation, monopoly thinking, and startup strategy.",9780804139298,ISBN best-effort; verify edition before acquisition,Differentiation / Startup Strategy
Continuous Discovery Habits,Teresa Torres,Book,Medium,Add,General,Product,Discovery,Software Engineering Management / Requirements,None / informal canon,Who,Analyse / Evaluate / Create,Complex,Product / User,Medium-term / Delivery,Operational / Procedural; Heuristic / Policy,Workflow execution / checklist,Workflow + Policy,Medium,Low,High,Discovery Agent,general poor judgement / missing context,Discovery,"Continuous product discovery, opportunity trees, and customer learning.",9781736633304,ISBN best-effort; verify edition before acquisition,Discovery / Product
Empowered,Marty Cagan; Chris Jones,Book,Medium,Add,General,Product,Product Organisation,Software Engineering Management / Requirements,None / informal canon,Who,Analyse / Evaluate / Create,Complicated,Product / User,Medium-term / Delivery,Heuristic / Policy,Continuous background prior,Policy,Medium,Low,High,Product Organisation Agent,cognitive overload / team coupling; coordination failure,Product Organisation,"Product leadership, team empowerment, and product operating model.",9781119691297,ISBN best-effort; verify edition before acquisition,Product Organisation / Product
Impact Mapping,Gojko Adzic,Book,Medium,Add,General,Product,Outcome Mapping,Software Engineering Management / Requirements,None / informal canon,Why,Analyse / Evaluate / Create,Complicated / Complex,Product / User,Medium-term / Delivery,Operational / Procedural; Heuristic / Policy,Workflow execution / checklist,Workflow + Policy,Medium,Low,High,Outcome Mapping Agent,general poor judgement / missing context,Outcome Mapping,"Connects goals, actors, impacts, and deliverables.",9780955683640,ISBN best-effort; verify edition before acquisition,Outcome Mapping / Product
Agile Estimating and Planning,Mike Cohn,Book,Medium,Keep,General,Agile,Planning,Software Engineering Process,PMBOK / Agile,When,Apply / Analyse,Complicated / Complex,Organisation / Enterprise,Cross-horizon,Operational / Procedural,Workflow execution / checklist,Workflow,Low,Low,Medium,Planning Agent,process cargo cult,Planning,"Agile estimation, planning, velocity, and release planning.",9780131479418,ISBN best-effort; verify edition before acquisition,Planning / Agile
Kanban,David J. Anderson,Book,Medium,Keep,General,Agile / Lean,Flow,Software Engineering Process,PMBOK / Agile,How,Analyse / Evaluate / Create,Complicated / Complex,Organisation / Enterprise,Medium-term / Delivery,Operational / Procedural; Heuristic / Policy,Workflow execution / checklist,Workflow + Policy,Medium,Low,High,Flow Agent,process cargo cult; waste / local optimisation,Flow,"Kanban method, WIP limits, flow, and service delivery.",9780984521401,ISBN best-effort; verify edition before acquisition,Flow / Agile / Lean
Beyond the Phoenix Project,Gene Kim et al.,Book,Medium,Add,General,DevOps,Enterprise Transformation,Software Engineering Process,PMBOK / Agile,How,Analyse / Evaluate / Create,Complicated,Organisation / Enterprise,Long-term / Strategic,Operational / Procedural; Heuristic / Policy,Workflow execution / checklist,Policy + Workflow,Medium,Medium,High,Transformation Agent,schedule fantasy / governance failure,Enterprise Transformation,"Enterprise transformation, platform thinking, governance, and operational capability maturity.",9781942788355,ISBN best-effort; verify edition before acquisition,Transformation / Governance
The Phoenix Project,Gene Kim; Kevin Behr; George Spafford,Book,Medium,Keep,General,DevOps,Flow / DevOps,Software Engineering Process,PMBOK / Agile,Who,Analyse / Evaluate / Create,Complicated / Complex,Cross-layer,Long-term / Strategic,Heuristic / Policy,Continuous background prior,Policy,Medium,Low,High,DevOps Culture Agent,coordination failure; schedule fantasy / governance failure,Flow / DevOps,"Narrative introduction to DevOps, constraints, flow, and organisational learning.",9781942788294,ISBN best-effort; verify edition before acquisition,Flow / DevOps / DevOps
The Unicorn Project,Gene Kim,Book,Medium,Keep,General,DevOps,Developer Productivity,Software Engineering Process,PMBOK / Agile,How,Analyse / Evaluate / Create,Complicated / Complex,Product / User,Medium-term / Delivery,Heuristic / Policy,Continuous background prior,Policy,Medium,Low,High,Developer Productivity Agent,schedule fantasy / governance failure,Developer Productivity,"Developer experience, flow, and modern engineering culture.",9781942788768,ISBN best-effort; verify edition before acquisition,Developer Productivity / DevOps
Lean Thinking,James Womack; Daniel Jones,Book,Medium,Add,General,Lean,Lean Management,Software Engineering Process,None / informal canon,Why,Analyse / Evaluate / Create,Complicated,Organisation / Enterprise,Cross-horizon,Heuristic / Policy,Continuous background prior,Policy,Medium,Low,High,Lean Agent,waste / local optimisation,Lean Management,"Value streams, waste removal, and lean operating principles.",9780743249270,ISBN best-effort; verify edition before acquisition,Lean Management / Lean
The Site Reliability Workbook,Google,Book,Medium,Add,Specific,Reliability,SRE Practice,Software Quality,None / informal canon,How,Apply / Analyse,Complicated / Complex,System / Platform,Immediate / Tactical,Mechanistic / Factual; Operational / Procedural,Workflow execution / checklist,Workflow + RAG,High,Low,Medium,SRE Implementation Agent,operational brittleness,SRE Practice,Practical SRE implementation patterns.,9781492029502,ISBN best-effort; verify edition before acquisition,SRE Practice / Reliability
NIST Privacy Framework,NIST,Standard / Web Reference,Medium,Add,General,Privacy / Governance,Privacy Governance,Software Quality / Compliance,NIST/OWASP/WCAG,How,Analyse / Evaluate / Create,Complicated,Organisation / Enterprise,Long-term / Strategic,Structural / Ontological; Operational / Procedural,Workflow execution / checklist,Ontology + Workflow,Medium,High,Medium,Privacy Governance Agent,privacy/compliance breach; scaling-pattern gaps,Privacy Governance,Structured privacy-risk governance reference for system design and compliance awareness.,Online framework,Use latest online version,Privacy Governance
Privacy Is Hard and Seven Other Myths,Woodrow Hartzog,Book,Medium,Add,General,Privacy / Legal,Privacy Engineering Literacy,Software Quality / Compliance,NIST/OWASP/WCAG,How,Analyse / Evaluate / Create,Clear / Complicated,Cross-layer,Medium-term / Delivery,Mechanistic / Factual; Heuristic / Policy,Deep retrieval on demand,Policy + RAG,Medium,Medium,High,Privacy Critic,privacy/compliance breach,Privacy Engineering Literacy,Privacy/product/legal thinking for technologists without becoming a legal manual.,9780190897114,Verify edition before acquisition,Privacy / Legal
OWASP ASVS,OWASP,Standard / Web Reference,Medium,Add,General,Security,Application Security Verification,Software Quality / Security,NIST/OWASP/WCAG,How,Analyse / Evaluate / Create,Complicated,System / Platform,Immediate / Tactical,Structural / Ontological; Operational / Procedural,Workflow execution / checklist,Ontology + Workflow,High,High,Medium,Security Verification Agent,security breach / weak threat model,verification levels; appsec controls; secure SDLC checks,Pragmatic application-security verification baseline and checklist-oriented governance.,Online standard,Use latest online edition,Security Governance
Secure by Design,Dan Bergh Johnsson; Daniel Deogun; Daniel Sawano,Book,Medium,Add,General,Security,Secure Design,Software Quality / Security,NIST/OWASP/WCAG,How,Analyse / Evaluate / Create,Complicated,System / Platform,Cross-horizon,Mechanistic / Factual; Heuristic / Policy,Deep retrieval on demand,Policy + RAG,High,Low,High,Secure Design Agent,security breach / weak threat model,Secure Design,"Security through domain modelling, design, and development practices.",9781617294358,ISBN best-effort; verify edition before acquisition,Secure Design / Security
The Web Application Hacker's Handbook,Dafydd Stuttard; Marcus Pinto,Book,Medium,Keep,Specific,Security,Web Security,Software Quality / Security,NIST/OWASP/WCAG,How,Understand / Analyse,Complicated,System / Platform,Cross-horizon,Mechanistic / Factual,Deep retrieval on demand,RAG,High,Low,Low,Security Testing Agent,security breach / weak threat model,Web Security,Practical web application attack and defence concepts.,9781118026472,ISBN best-effort; verify edition before acquisition,Web Security / Security
Threat Modeling,Adam Shostack,Book,Medium,Add,General,Security,Threat Modelling,Software Quality / Security,NIST/OWASP/WCAG,How,Analyse / Evaluate / Create,Complicated,System / Platform,Cross-horizon,Operational / Procedural; Heuristic / Policy,Workflow execution / checklist,Workflow + Policy,Medium,Low,High,Threat Model Agent,security breach / weak threat model,Threat Modelling,Structured threat modelling practice for software systems.,9781118809990,ISBN best-effort; verify edition before acquisition,Threat Modelling / Security
Web API Security,Neil Madden,Book,Medium,Add,Specific,Security,API Security,Software Quality / Security,NIST/OWASP/WCAG,How,Analyse / Evaluate / Create,Complicated,System / Platform,Cross-horizon,Mechanistic / Factual; Heuristic / Policy,Deep retrieval on demand,RAG + Policy,High,Low,High,API Security Agent,security breach / weak threat model,API Security,"API authentication, authorisation, OAuth, tokens, and API threat surfaces.",9781617296024,ISBN best-effort; verify edition before acquisition,API Security / Security
BABOK Guide,IIBA,Book,Medium,Keep,General,Business Analysis,Business Analysis BOK,Software Requirements,BABOK,What; How; Who; Why,Analyse / Evaluate / Create,Complicated,Organisation / Enterprise,Medium-term / Delivery,Structural / Ontological; Operational / Procedural,Workflow execution / checklist,Ontology + Workflow,Low,High,Medium,Business Analysis Agent,wrong problem / ambiguous requirements,elicitation; stakeholder analysis; requirements lifecycle,"Elicitation, stakeholder analysis, requirements, process and decision modelling.",9781927584026,ISBN best-effort; verify edition before acquisition,Business Analysis BOK / Business Analysis
User Stories Applied,Mike Cohn,Book,Medium,Add,General,Requirements,User Stories,Software Requirements,BABOK,What; Who,Apply / Analyse,Complicated,Product / User,Medium-term / Delivery,Mechanistic / Factual; Operational / Procedural,Workflow execution / checklist,Workflow + RAG,High,Low,Medium,Agile Requirements Agent,wrong problem / ambiguous requirements; process cargo cult,User Stories,"User stories, acceptance criteria, and agile requirements practice.",9780321205681,ISBN best-effort; verify edition before acquisition,User Stories / Requirements
Writing Effective Use Cases,Alistair Cockburn,Book,Medium,Keep,General,Requirements,Use Cases / Specification,Software Requirements,BABOK,What; Why,Apply / Analyse,Complicated,Product / User,Medium-term / Delivery,Mechanistic / Factual; Operational / Procedural,Workflow execution / checklist,Workflow + RAG,High,Low,Medium,Specification Agent,wrong problem / ambiguous requirements,Use Cases / Specification,Use case writing and goal-oriented requirements communication.,9780201702255,ISBN best-effort; verify edition before acquisition,Use Cases / Specification / Requirements
The Art of SEO,Eric Enge; Stephan Spencer; Jessie Stricchiola,Book,Low,Add,Specific,Marketing / SEO,SEO / Discoverability,Business Context,None / informal canon,What; How; Why,Understand / Apply,Complex,Business / Market,Medium-term / Delivery,Mechanistic / Factual,Deep retrieval on demand,RAG,Medium,Medium,Low,SEO / Discoverability Agent,coupling / poor boundaries; brittle integration / coupling; poor acquisition / attribution gaps,SEO / Discoverability,"Enough SEO/search/discoverability literacy for web systems, metadata, content architecture, and analytics integrations.",9781491948965,Verify current edition; SEO dates quickly,SEO / Martech
SPIN Selling,Neil Rackham,Book,Low,Add,General,Sales,Sales Process Literacy,Business Context,None / informal canon,How; Who; When,Analyse / Evaluate / Create,Clear / Complicated,Business / Market,Medium-term / Delivery,Heuristic / Policy,Continuous background prior,Policy,Low,Medium,Medium,Sales Process Agent,brittle integration / coupling; CRM/process mismatch,Sales Process Literacy,"Basic sales process and qualification literacy for CRM, pipeline, opportunity, and customer lifecycle integration.",9780070511132,Verify edition before acquisition,Sales / CRM Literacy
Distributed Algorithms,Nancy Lynch,Book,Low,Add,Specialist,Computer Science,Distributed Algorithms,Computing Foundations,None / informal canon,How; Where,Understand / Apply,Complicated,Substrate / Machine / Runtime,Cross-horizon,Mechanistic / Factual,Deep retrieval on demand,RAG,High,Low,Low,Consensus / Formal Agent,general poor judgement / missing context,Distributed Algorithms,Formal treatment of distributed algorithms and correctness.,9781558603486,ISBN best-effort; verify edition before acquisition,Distributed Algorithms / Computer Science
The C++ Programming Language,Bjarne Stroustrup,Book,Low,Keep,Specific,Programming Languages,Language Foundations,Computing Foundations,None / informal canon,How,Understand / Apply,Complicated / Complex,Substrate / Machine / Runtime,Cross-horizon,Mechanistic / Factual,Deep retrieval on demand,RAG,High,Low,Low,Language Foundations Agent,general poor judgement / missing context,Language Foundations,Canonical C++ reference and programming model.,9780321563842,ISBN best-effort; verify edition before acquisition,Language Foundations / Programming Languages
Natural Language Processing with Transformers,Lewis Tunstall; Leandro von Werra; Thomas Wolf,Book,Low,Keep,Specific / ageing,LLMs,NLP / Transformers,Computing Foundations / AI,None / informal canon,How,Understand / Apply,Complicated / Complex,Cross-layer,Immediate / Tactical,Mechanistic / Factual,Deep retrieval on demand,RAG,High,Low,Low,LLM Technical Agent,general poor judgement / missing context,NLP / Transformers,Transformer/NLP implementation practice; useful but likely to date faster.,9781098103248,ISBN best-effort; verify edition before acquisition,NLP / Transformers / LLMs
Designing Machine Learning Systems for Production,Chip Huyen,Book,Low,Review,Potential duplicate / verify title,ML Systems,Production AI,Computing Foundations / AI,None / informal canon,How,Understand / Apply,Complicated / Complex,Product / User,Medium-term / Delivery,Mechanistic / Factual,Deep retrieval on demand,RAG,High,Low,Low,ML Systems Agent,general poor judgement / missing context,Production AI,Placeholder only if a distinct official title is used; otherwise avoid duplicate.,Verify before acquisition,Must verify edition/ISBN before purchase,Production AI / ML Systems
Blue Ocean Strategy,W. Chan Kim; Renée Mauborgne,Book,Low,Keep,General,Business Strategy,Market Strategy,Cross-cutting / Other,None / informal canon,Why,Analyse / Evaluate / Create,Complex,Business / Market,Long-term / Strategic,Heuristic / Policy,Continuous background prior,Policy,Medium,Low,High,Opportunity Agent,general poor judgement / missing context,Market Strategy,Market differentiation and uncontested market-space framing.,9781625274496,ISBN best-effort; verify edition before acquisition,Market Strategy / Business Strategy
Good to Great,Jim Collins,Book,Low,Keep,General,Business Strategy,Strategy,Cross-cutting / Other,None / informal canon,Why,Analyse / Evaluate / Create,Complex,Business / Market,Medium-term / Delivery,Heuristic / Policy,Continuous background prior,Policy,Medium,Low,High,Strategy Lens Agent,bottleneck / capacity failure,Strategy,"Focus, discipline, and company-performance narratives; useful but less operational.",9780066620992,ISBN best-effort; verify edition before acquisition,Strategy / Business Strategy
The $100 Startup,Chris Guillebeau,Book,Low,Keep,General,Entrepreneurship,Small Business,Cross-cutting / Other,None / informal canon,Why,Analyse / Evaluate / Create,Complicated / Complex,Business / Market,Long-term / Strategic,Heuristic / Policy,Continuous background prior,Policy,Medium,Low,High,Bootstrap Agent,building without market learning,Small Business,Lightweight entrepreneurial execution and small-business framing.,9780307951526,ISBN best-effort; verify edition before acquisition,Small Business / Entrepreneurship
Programming from the Ground Up,Jonathan Bartlett,Book,Low,Keep,Specific,Low-level Programming,Assembly / Low-level,Cross-cutting / Other,None / informal canon,How,Understand / Apply,Complicated / Complex,Substrate / Machine / Runtime,Cross-horizon,Mechanistic / Factual,Deep retrieval on demand,RAG,High,Low,Low,Low-level Agent,general poor judgement / missing context,Assembly / Low-level,Assembly and machine-level computing concepts.,9780975283849,ISBN best-effort; verify edition before acquisition,Assembly / Low-level / Low-level Programming
Getting Things Done,David Allen,Book,Low,Keep,General,Productivity,Personal Operating System,Cross-cutting / Other,None / informal canon,How,Analyse / Evaluate / Create,Complicated,Substrate / Machine / Runtime,Medium-term / Delivery,Heuristic / Policy,Continuous background prior,Policy,Medium,Low,High,Personal Workflow Agent,general poor judgement / missing context,Personal Operating System,"Task capture, workflow, and personal execution discipline.",9780143126560,ISBN best-effort; verify edition before acquisition,Personal Operating System / Productivity
BDD in Action,John Ferguson Smart,Book,Low,Add,Specific,Requirements / Testing,BDD,Cross-cutting / Other,BABOK,What; How,Apply / Analyse,Complicated,Code / Component,Immediate / Tactical,Mechanistic / Factual; Operational / Procedural,Workflow execution / checklist,Workflow + RAG,High,Low,Medium,BDD Agent,wrong problem / ambiguous requirements; regression / weak feedback loop,BDD,Behaviour-driven development practice and collaboration patterns.,9781617291654,ISBN best-effort; verify edition before acquisition,BDD / Requirements / Testing
The Wealth of Networks,Yochai Benkler,Book,Low,Add,General,Online Communities,Networked Production,Human and Social Aspects,None / informal canon,Where; Who,Analyse / Evaluate / Create,Complicated / Complex,Product / User,Medium-term / Delivery,Mechanistic / Factual; Heuristic / Policy,Deep retrieval on demand,Policy + RAG,Medium,Medium,Medium,Networked Production Agent,latency / protocol misunderstanding; coordination failure,Networked Production,"Commons-based peer production, networked collaboration, and internet organisational dynamics.",9780300125771,Verify edition before acquisition,Networked Production / Communities
Co-Intelligence,Ethan Mollick,Book,Low,Add,Current / ageing,AI / Human-AI Interaction,AI Skills / Interface,Human-AI Interaction,None / informal canon,How,Analyse / Evaluate / Create,Complicated / Complex,Cross-layer,Cross-horizon,Heuristic / Policy,Continuous background prior,Policy,Low,Low,Medium,Human-AI Interaction Agent,general poor judgement / missing context,AI Skills / Interface,"Current human-AI collaboration framing; useful as a provisional interface/skill layer, likely to age quickly.",9780593716717,Verify edition; treat as current-context material,AI Interface / Human-AI Collaboration
Crucial Conversations,Patterson et al.,Book,Low,Add,General,Communication,Influence / Conflict,Professional Practice,None / informal canon,How,Analyse / Evaluate / Create,Complicated / Complex,Human / Cultural,Cross-horizon,Heuristic / Policy; Cultural / Cognitive,Continuous background prior,Policy,Medium,Low,High,Stakeholder Communication Agent,general poor judgement / missing context,Influence / Conflict,High-stakes communication and alignment.,9780071771320,ISBN best-effort; verify edition before acquisition,Influence / Conflict / Communication
Never Split the Difference,Chris Voss,Book,Low,Keep,General,Communication,Negotiation,Professional Practice,None / informal canon,How,Analyse / Evaluate / Create,Complicated / Complex,Human / Cultural,Cross-horizon,Heuristic / Policy; Cultural / Cognitive,Continuous background prior,Policy,Medium,Low,High,Negotiation Agent,general poor judgement / missing context,Negotiation,Negotiation tactics and tactical empathy; enough for awareness.,9780062407801,ISBN best-effort; verify edition before acquisition,Negotiation / Communication
Programming Proverbs,Various,Standard / Web Reference,Low,Add,General,Engineering Heuristics,Aphorisms,Professional Practice,None / informal canon,How,Understand / Apply,Clear / Complicated,Cross-layer,Cross-horizon,Reference / Context,Triggered heuristic / critique lens,Symbolic Trigger List,Low,Medium,High,Heuristic Trigger Agent,general poor judgement / missing context,Aphorisms,Compressed programming proverbs and aphorisms for critique and cultural priors.,Web reference / varies,Use curated public web sources and verify licence,Aphorisms / Culture
The Cathedral and the Bazaar,Eric S. Raymond,Book,Low,Keep,General,Open Source,Open Source Culture,Professional Practice,None / informal canon,How,Analyse / Evaluate / Create,Clear / Complicated,Human / Cultural,Long-term / Strategic,Heuristic / Policy; Cultural / Cognitive,Continuous background prior,Policy,Medium,Low,High,Open Source Agent,general poor judgement / missing context,Open Source Culture,Open-source development culture and bazaar-style collaboration.,9780596001087,ISBN best-effort; verify edition before acquisition,Open Source Culture / Open Source
Unix Power Tools,Shelley Powers; Jerry Peek; Tim O'Reilly; Mike Loukides,Book,Low,Add,Specific,Unix Philosophy,Tooling,Professional Practice,None / informal canon,How,Understand / Apply,Complicated / Complex,Cross-layer,Cross-horizon,Mechanistic / Factual,Deep retrieval on demand,RAG,High,Low,Low,Tooling Agent,general poor judgement / missing context,Tooling,Unix tool usage patterns and practical composability.,9780596003302,ISBN best-effort; verify edition before acquisition,Tooling / Unix Philosophy
Zachman Framework,John Zachman,Standard / Web Reference,Low,Keep,General,Enterprise Architecture,EA Ontology,Software Design,TOGAF / Zachman,How,Analyse / Evaluate / Create,Complicated,System / Platform,Medium-term / Delivery,Structural / Ontological,Structural retrieval / coverage check,Ontology,Low,High,Low,Ontology / Viewpoint Agent,coupling / poor boundaries,what/how/where/who/when/why; viewpoints,Architecture classification schema and viewpoint matrix.,Framework / no single canonical ISBN,ISBN best-effort; verify edition before acquisition,EA Ontology / Enterprise Architecture
The Humane Interface,Jef Raskin,Book,Low,Add,General,UX,Interface Design,Software Design / HCI,None / informal canon,How,Analyse / Evaluate / Create,Complicated / Complex,Product / User,Cross-horizon,Heuristic / Policy,Continuous background prior,Policy,Medium,Low,High,Interface Critic,poor usability / user mismatch,Interface Design,Human interface principles and critiques of conventional UI.,9780201379372,ISBN best-effort; verify edition before acquisition,Interface Design / UX
Smart and Gets Things Done,Joel Spolsky,Book,Low,Add,Specific,Management,Hiring,Software Engineering Management,None / informal canon,Who,Analyse / Evaluate / Create,Complicated / Complex,Organisation / Enterprise,Cross-horizon,Heuristic / Policy,Continuous background prior,Policy,Medium,Low,High,Hiring Agent,cognitive overload / team coupling,Hiring,Engineering hiring heuristics and team-quality judgement.,9781590598382,ISBN best-effort; verify edition before acquisition,Hiring / Management
Scrum: The Art of Doing Twice the Work in Half the Time,Jeff Sutherland,Book,Low,Keep,General,Agile,Scrum,Software Engineering Process,PMBOK / Agile,How,Analyse / Evaluate / Create,Complicated / Complex,Organisation / Enterprise,Medium-term / Delivery,Heuristic / Policy,Continuous background prior,Policy,Medium,Low,High,Scrum Agent,process cargo cult,Scrum,Scrum as a lightweight delivery framing; useful but not dominant.,9780385346450,ISBN best-effort; verify edition before acquisition,Scrum / Agile
Scaled Agile Framework,Scaled Agile Inc.,Standard / Web Reference,Low,Keep,General,Agile Governance,Enterprise Agile,Software Engineering Process,PMBOK / Agile,Why,Analyse / Evaluate / Create,Complicated,Organisation / Enterprise,Long-term / Strategic,Structural / Ontological; Operational / Procedural,Workflow execution / checklist,Ontology + Workflow,Low,High,Medium,Enterprise Agile Agent,process cargo cult,Enterprise Agile,Portfolio/value-stream alignment and enterprise agile structure; avoid over-ceremony.,Online / varies,Must verify edition/ISBN before purchase,Enterprise Agile / Agile Governance
Data and Goliath,Bruce Schneier,Book,Low,Add,General,Privacy / Security,Privacy / Surveillance,Software Quality / Security,NIST/OWASP/WCAG,How,Analyse / Evaluate / Create,Complicated,System / Platform,Long-term / Strategic,Heuristic / Policy,Continuous background prior,Policy,Low,Low,Medium,Privacy / Incentives Critic,security breach / weak threat model; privacy/compliance breach,Privacy / Surveillance,"Systems-level framing of surveillance, privacy, incentives, and technology governance.",9780393352177,Verify edition before acquisition,Privacy / Society
